{"best_model": "XGBoost", "metrics": {"LinearRegression": {"MAE": 16334036.410341688, "RMSE": 28739056.31858363, "R2": 0.8441713178488437}, "RandomForest": {"MAE": 2652787.598277576, "RMSE": 7308703.82733572, "R2": 0.9899217966410944}, "XGBoost": {"MAE": 1144636.69731861, "RMSE": 3803156.41322533, "R2": 0.997271080245714}}}